{"type": "block", "layer": 1, "block": 0, "features": [{"geom": {"lines": [[-5350.573518646881, -1323.8093132507056, 0.0, -5378.525842785835, -1329.369886841625, 0.0, -5408.637765044346, -1328.0962362047285, 0.0, -5619.3321652701125, -1309.1933760475367, 0.0, -5744.778099444695, -1295.9132003113627, 0.0, -5895.549217775464, -1281.3282833360136, 0.0, -6095.768453916535, -1260.1109930453822, 0.0, -6107.9022784121335, -1258.8683976512402, 0.0, -6275.159813328646, -1240.8196805259213, 0.0, -6442.228105111979, -1222.4758101869375, 0.0, -6487.390422526747, -1217.753927364014, 0.0, -6612.513530177996, -1206.1511325668544, 0.0, -6795.823335667141, -1186.2384035764262, 0.0, -6961.244098986499, -1170.4417694760486, 0.0, -7140.92488907557, -1152.7811934389174, 0.0, -7215.219517230988, -1145.4808574123308, 0.0, -7265.780829948373, -1140.5104125281796, 0.0, -7348.3464962709695, -1131.7344641806558, 0.0, -7421.850756041706, -1123.9215331692249, 0.0, -8080.539315015078, -1056.680346027948, 0.0, -8222.74155402463, -1041.5146745163947, 0.0]]}, "mtl": {"idx": 0}}, {"geom": {"lines": [[-8222.74155402463, 732.737292601727, 0.0, -6790.335284771398, 760.8518544724211, 0.0, -6701.001393410377, 762.0636527556926, 0.0, -6537.061179318465, 765.8233356345445, 0.0, -6434.958942363039, 767.827464742586, 0.0, -6370.226658466272, 767.5478187939152, 0.0, -6200.731601784937, 773.4048496121541, 0.0, -6031.136357560754, 774.5078982738778, 0.0, -5791.298514647409, 771.1832167906687, 0.0, -5773.776826797053, 770.9501784136519, 0.0]]}, "mtl": {"idx": 0}}, {"geom": {"lines": [[-7264.589711397886, -3678.798055185005, 0.0, -7244.407487716526, -3480.141911851242, 0.0, -7204.054172304459, -3264.399528419599, 0.0, -7165.259329763241, -3002.0947838136926, 0.0, -7158.847327092662, -2942.414784138091, 0.0, -7199.401017589495, -2929.152509111911, 0.0, -7897.841766724363, -3286.1246270388365, 0.0, -7938.195082137361, -3320.2728371676058, 0.0, -8018.901712962426, -3321.8257313687354, 0.0, -8132.202690691687, -3391.6746399626136, 0.0, -8186.52660219837, -3393.2275220444426, 0.0, -8222.74155402463, -3431.7977337194607, 0.0], [-8222.74155402463, -4027.211851924658, 0.0, -8158.58541001007, -4102.5254406752065, 0.0, -8084.090406770818, -4211.171521502547, 0.0, -8084.090406770818, -4411.3800280494615, 0.0, -7726.153716074303, -4474.745868444443, 0.0]]}, "mtl": {"idx": 0}}, {"geom": {"lines": [[-7421.850756041706, -1123.9215331692249, 0.0, -7432.982705120929, -1527.9018940618262, 0.0, -7438.103401697241, -1657.717316606082, 0.0, -7438.5152838137, -1715.5884941024706, 0.0, -7434.90853231214, -1770.7257487764582, 0.0, -7414.637253037654, -1910.3690665587783, 0.0, -7404.162088954821, -1983.3194659473374, 0.0]]}, "mtl": {"idx": 0}}, {"geom": {"lines": [[-7206.236034324393, -1962.958022759296, 0.0, -7404.162088954821, -1983.3194659473374, 0.0]]}, "mtl": {"idx": 0}}, {"geom": {"lines": [[-7183.537990150973, -2203.378578737378, 0.0, -7230.537079163827, -2204.9937859075144, 0.0, -7258.734306181781, -2197.8806598829105, 0.0, -7280.564058326185, -2197.383672703989, 0.0, -7295.770300769247, -2191.4974787626415, 0.0, -7305.833582737483, -2181.4490070017055, 0.0, -7310.486737452447, -2154.953292827122, 0.0]]}, "mtl": {"idx": 0}}, {"geom": {"lines": [[-7265.780829948373, -1140.5104125281796, 0.0, -7206.236034324393, -1962.958022759296, 0.0, -7204.889068485238, -1983.3349971603602, 0.0, -7202.050421470776, -2108.9971798388287, 0.0, -7201.927970030345, -2114.541745090857, 0.0, -7183.537990150973, -2203.378578737378, 0.0, -7169.211171686649, -2315.852227243595, 0.0]]}, "mtl": {"idx": 0}}, {"geom": {"lines": [[-7202.050421470776, -2108.9971798388287, 0.0, -7213.293690040708, -2116.0793130099773, 0.0, -7227.676168250851, -2122.0121484203264, 0.0, -7242.281285443343, -2125.6619274541736, 0.0, -7254.838124004193, -2126.127856587991, 0.0, -7260.771452862769, -2122.695511413738, 0.0, -7265.3355519855395, -2113.796257521026, 0.0]]}, "mtl": {"idx": 0}}, {"geom": {"lines": [[-5842.705855495296, -3680.7701534843072, 0.0, -6441.983202231117, -3653.9682142287493, 0.0, -6603.407595831901, -3660.1795628778636, 0.0, -7205.612645175308, -3624.4797789836302, 0.0, -7264.589711397886, -3678.798055185005, 0.0, -7228.889550700784, -3787.449168193154, 0.0, -7051.958352033049, -3972.154651683755, 0.0, -6881.227649004199, -4308.947232944891, 0.0]]}, "mtl": {"idx": 0}}, {"geom": {"lines": [[-6966.932524966076, -1947.551011973992, 0.0, -6980.402183352038, -1954.8196452967823, 0.0, -7042.930341330357, -1957.0406154356897, 0.0, -7099.347059263848, -1963.1754602249712, 0.0, -7204.889068485238, -1983.3349971603602, 0.0]]}, "mtl": {"idx": 0}}, {"geom": {"lines": [[-5703.767999036238, -3016.1334261028096, 0.0, -5778.196210579947, -3008.1046919459477, 0.0, -5886.532339020632, -3006.6449213409796, 0.0, -6064.443149206229, -3004.2533817626536, 0.0, -6143.958661479875, -3003.1818475928158, 0.0, -6420.743443388492, -3003.834085797891, 0.0, -7108.686764542013, -2990.1991917369887, 0.0]]}, "mtl": {"idx": 0}}, {"geom": {"lines": [[-6961.244098986499, -1170.4417694760486, 0.0, -6958.260736633092, -1599.0536478143185, 0.0, -6961.244098986499, -1933.8990119816735, 0.0, -6966.932524966076, -1947.551011973992, 0.0]]}, "mtl": {"idx": 0}}, {"geom": {"lines": [[-6792.940160855651, 679.5063779102638, 0.0, -6793.35204297211, 415.18518272042274, 0.0, -6793.986564069986, -0.17235502041876316, 0.0, -6794.342786440626, -227.0987052982673, 0.0, -6794.821460250765, -535.74243634101, 0.0, -6795.289002111182, -838.2401556381956, 0.0, -6795.823335667141, -1186.2384035764262, 0.0]]}, "mtl": {"idx": 0}}, {"geom": {"lines": [[-5693.326230799779, -576.7046368252486, 0.0, -5710.647543567233, -578.0249929083511, 0.0, -5757.624368681572, -581.6132537722588, 0.0, -5944.9194119414315, -579.7181551372632, 0.0, -6134.040094850585, -564.091343219392, 0.0, -6287.905895025469, -554.9109671059996, 0.0, -6460.5178974485025, -544.5966249126941, 0.0, -6462.510516333394, -544.4723556581885, 0.0, -6628.766175833531, -540.1073970422149, 0.0, -6794.821460250765, -535.74243634101, 0.0]]}, "mtl": {"idx": 0}}, {"geom": {"lines": [[-6794.342786440626, -227.0987052982673, 0.0, -6646.8333291905, -223.1840870762244, 0.0, -6643.282237432897, -223.09088185988367, 0.0, -6477.9282658090815, -227.33171823434532, 0.0, -6304.54815889895, -235.1143469028175, 0.0, -6130.500135042705, -242.92803728487343, 0.0, -5967.984810434282, -241.9493845803663, 0.0]]}, "mtl": {"idx": 0}}, {"geom": {"lines": [[-6793.986564069986, -0.17235502041876316, 0.0, -6659.868841561489, 3.353995650075376, 0.0, -6491.932257751003, 7.765819551423192, 0.0, -6489.360777513124, 7.827957931905985, 0.0, -6319.297991428524, 13.280602419748902, 0.0, -6158.797549602576, 18.422557895071805, 0.0, -5979.673356967047, 24.046089546754956, 0.0, -5755.041756495833, 38.66418110113591, 0.0, -5731.9540941054, 40.17104202695191, 0.0]]}, "mtl": {"idx": 0}}, {"geom": {"lines": [[-5755.787597084418, 457.7985745528713, 0.0, -5778.474509307183, 456.5246751625091, 0.0, -6010.219425241463, 449.8289385996759, 0.0, -6177.866578375921, 442.48072290886194, 0.0, -6347.216919720173, 434.63538286741823, 0.0, -6516.90121953655, 427.24057346303016, 0.0, -6683.835927928798, 419.9545171065256, 0.0, -6793.35204297211, 415.18518272042274, 0.0]]}, "mtl": {"idx": 0}}, {"geom": {"lines": [[-6622.921902567148, -776.0917798131704, 0.0, -6615.374441091903, -988.1494336193427, 0.0, -6612.446738483384, -1054.987272103317, 0.0, -6608.650743847713, -1108.2645857241005, 0.0, -6612.513530177996, -1206.1511325668544, 0.0]]}, "mtl": {"idx": 0}}, {"geom": {"lines": [[-6622.921902567148, -776.0917798131704, 0.0, -6450.7329142084345, -786.7009925851598, 0.0, -6282.02822591085, -797.1548607721925, 0.0, -6119.913651469164, -807.6242502210662, 0.0, -5933.052754224278, -818.1091608759016, 0.0, -5699.237295760773, -834.6364623000845, 0.0, -5679.411294450052, -836.0344469528645, 0.0]]},