{"type": "block", "layer": 1, "block": 10, "features": [{"geom": {"lines": [[-2933.4154914096, 411.65867322683334, 778.5445861816406, -2850.872088986449, 496.01563880592585, 780.9623107910156, -2829.3206355683506, 531.3277267385274, 781.4763793945312, -2804.240354293026, 557.2254159646109, 782.1879272460938, -2812.0104547496885, 626.2189580332488, 781.3486633300781, -2813.8472263487056, 636.208383647725, 781.2018127441406, -2818.812075637281, 663.1317266235128, 780.8064880371094, -2824.6118211084977, 689.2628254471347, 780.3888244628906, -2826.582176095806, 698.1026730472222, 780.24755859375, -2832.415317412466, 721.4218902383, 779.8531494140625, -2838.8273200830445, 751.3594401357695, 779.386962890625, -2844.0704680988565, 775.8284496665001, 778.8890991210938, -2759.545578739606, 810.8153630793095, 781.4911193847656, -2731.370615620166, 836.0768678020686, 782.2361755371094, -2719.9937636600807, 864.3524355711415, 782.3404541015625, -2721.7414796659723, 889.2101497910917, 781.9844970703125, -2721.5188406845555, 912.1259149545804, 781.7276000976562, -2732.339095189236, 977.9216683497652, 780.5093078613281, -2762.4621493984014, 1082.8540573297068, 777.8956604003906, -2786.5294233076274, 1159.5576922288164, 775.7678833007812]]}, "mtl": {"idx": 0}}, {"geom": {"lines": [[-2600.102672076784, 445.80528487917036, 790.6705627441406, -2644.4523572083563, 457.984998867847, 788.9151306152344, -2652.5007563931867, 474.51463666185737, 788.4705505371094, -2661.1725447252393, 492.6133814873174, 787.9904479980469, -2656.986931871623, 511.13161927927285, 787.9816589355469, -2656.374674672261, 520.0334365302697, 787.9257202148438, -2656.1854315381497, 523.7308780057356, 787.8999938964844, -2657.4322098344564, 526.4340504519641, 787.8304138183594, -2659.0018146550283, 527.9409917593002, 787.7594604492188, -2663.265351152979, 529.1838301392272, 787.5919189453125, -2667.6847349368036, 527.35064358823, 787.4457092285156, -2676.100488441065, 521.8821570808068, 787.1842346191406, -2703.563006819226, 508.14881334174424, 786.2925109863281, -2723.2776886392385, 492.6133814873174, 785.6983337402344, -2735.5117006776854, 476.9070867141709, 785.3790893554688]]}, "mtl": {"idx": 0}}, {"geom": {"lines": [[-2749.6158801605925, 487.331340668723, 784.7703552246094, -2735.5117006776854, 476.9070867141709, 785.3790893554688, -2703.284708091989, 453.0602911300957, 786.7758178710938]]}, "mtl": {"idx": 0}}, {"geom": {"lines": [[-2965.0858865398914, 470.1957998443395, 776.9367370605469, -2970.785444469191, 484.61264437809587, 776.6212463378906]]}, "mtl": {"idx": 0}}, {"geom": {"lines": [[-2970.785444469191, 484.61264437809587, 776.6212463378906, -2987.917514101602, 561.6996492473409, 775.4359130859375, -2981.550039228983, 620.1445225998759, 775.2481384277344]]}, "mtl": {"idx": 0}}, {"geom": {"lines": [[-2970.785444469191, 484.61264437809587, 776.6212463378906, -2987.750534865074, 509.43825537338853, 775.8164978027344, -3007.6099320231006, 549.8460429366678, 774.7997131347656, -3013.777031813748, 575.8680690890178, 774.3907470703125, -3020.2892220253125, 601.8901692992076, 773.9708862304688, -3037.410159708932, 623.1273650694638, 773.3311157226562, -3058.3716198252514, 633.9867841610685, 772.8872680664062]]}, "mtl": {"idx": 0}}, {"geom": {"lines": [[-2797.3942056093365, 514.6737025910988, 782.7837524414062, -2749.6158801605925, 487.331340668723, 784.7703552246094]]}, "mtl": {"idx": 0}}, {"geom": {"lines": [[-2818.50038106367, 524.7562191840261, 781.92626953125, -2797.3942056093365, 514.6737025910988, 782.7837524414062]]}, "mtl": {"idx": 0}}, {"geom": {"lines": [[-2894.06405141484, 562.1967864148319, 778.8637390136719, -2861.6700795926154, 540.493667148985, 780.2172546386719, -2839.6065565180033, 536.9049673508853, 781.0546875, -2829.3206355683506, 531.3277267385274, 781.4763793945312, -2818.50038106367, 524.7562191840261, 781.92626953125]]}, "mtl": {"idx": 0}}, {"geom": {"lines": [[-2981.550039228983, 620.1445225998759, 775.2481384277344, -2894.06405141484, 562.1967864148319, 778.8637390136719]]}, "mtl": {"idx": 0}}, {"geom": {"lines": [[-2813.8472263487056, 636.208383647725, 781.2018127441406, -2795.5351701127365, 638.9271250125021, 781.8424987792969, -2752.8330134442076, 642.205151389353, 783.3599853515625, -2735.812263302505, 606.3799600508064, 784.2772521972656, -2726.2610509926453, 620.1134513299912, 784.5079650878906, -2714.9175948798656, 644.3024674607441, 784.713134765625, -2701.1807697163895, 669.0819048658013, 784.9966735839844, -2694.312357135117, 711.7741589257494, 784.8756408691406, -2692.5201133331284, 721.3286753948778, 784.8572387695312, -2686.5533886253834, 775.3779085827991, 784.5728759765625, -2681.7666505221277, 795.9785339832306, 784.5311279296875, -2685.0505755012855, 846.7345715397969, 783.8778991699219, -2699.388525915332, 883.1666118046269, 782.9323425292969, -2719.3926384104416, 905.8493200056255, 781.8853454589844, -2721.5188406845555, 912.1259149545804, 781.7276000976562]]}, "mtl": {"idx": 0}}, {"geom": {"lines": [[-2838.8273200830445, 751.3594401357695, 779.386962890625, -2862.1153575563803, 745.5179592873901, 778.6030883789062, -2876.3419884797186, 743.0322238896042, 778.1152038574219, -2894.665176664479, 739.8473763968796, 777.4861450195312, -2901.8118879739195, 740.6552400467917, 777.2250366210938, -2914.6692891595885, 731.4890989856794, 776.8354797363281, -2937.656764009036, 690.8785438789055, 776.3156433105469, -2951.694151797332, 656.5445886440575, 776.0636901855469, -2981.550039228983, 620.1445225998759, 775.2481384277344]]}, "mtl": {"idx": 0}}, {"geom": {"lines": [[-2876.3419884797186, 743.0322238896042, 778.1152038574219, -2869.8743260642514, 712.3800547951832, 778.58349609375, -2874.649932219647, 703.1207274207845, 778.4840698242188, -2875.32898111362, 693.6283730184659, 778.5330505371094, -2858.5308699533343, 685.798353234306, 779.1973571777344, -2842.4118076860905, 686.6994265988469, 779.7695617675781, -2824.6118211084977, 689.2628254471347, 780.3888244628906]]}, "mtl": {"idx": 0}}, {"geom": {"lines": [[-3105.548820023425, 890.67054260429, 768.7079772949219, -3103.0663953786716, 872.7108344379812, 769.0655822753906, -3099.192477098666, 845.2431137096137, 769.6207580566406, -3090.832383341156, 820.4631988964975, 770.2115478515625, -3077.9861141024157, 804.9272363996133, 770.7242431640625, -3058.282564232126, 789.4068362237886, 771.3774719238281, -3027.8255515508354, 773.2805624464527, 772.3170776367188, -2993.784051266499, 761.0382849667221, 773.7835693359375, -2943.033495414071, 748.5008426588029, 775.6967468261719, -2901.8118879739195, 740.6552400467917, 777.2250366210938]]}, "mtl": {"idx": 0}}, {"geom": {"lines": [[-2927.8049890734255, 946.4608299108222, 772.8371887207031, -2910.7842389307916, 946.4608299108222, 773.5379333496094, -2894.364614038728, 944.674168260768, 774.243896484375, -2879.436670323834, 940.4949349807575, 774.9258728027344, -2864.20816398412, 932.1364741511643, 775.6826477050781, -2849.280220267363, 919.5832610893995, 776.484375, -2851.96301999595, 901.0797321712598, 776.6629943847656, -2855.5475075999275, 882.5607046177611, 776.8092956542969, -2858.5308699533343, 849.4223034512252, 777.2124938964844, -2866.0004077851772, 809.4171268492937, 777.5636901855469, -2848.9796576434746, 781.0485135084018, 778.6316528320312, -2844.0704680988565, 775.8284496665001, 778.8890991210938]]}, "mtl": {"idx": 0}}, {"geom": {"lines": [[-2849.280220267363, 919.5832610893995, 776.484375, -2853.755263797939, 937.5119889751077, 776.0248718261719, -2871.66656986624, 969.4544197050855, 774.7782897949219, -2886.8950762078166, 1006.7725175693631, 773.5232849121094, -2902.123582548462, 1035.1418312564492, 772.386474609375, -2926.012745272368, 1045.2870672121644, 771.15966796875]]},